{
	"numRecords": 29913464,
	"numReads": 31477115,
	"numBarcodes": 725533,
	"medianReadsPerBarcode": 1.000000,
	"meanReadsPerBarcode": 43.384815,
	"numUMIs": 1048575,
	"numBarcodeUMIs": 28811723,
	"medianUMIsPerBarcode": 1.000000,
	"meanUMIsPerBarcode": 39.711113,
	"gtRecords": 27114886,
	"numBarcodesOnWhitelist": 254468,
	"percentageBarcodesOnWhitelist": 35.073250,
	"numReadsOnWhitelist": 30623637,
	"percentageReadsOnWhitelist": 97.288576
}
